product_name,cleaned_review
EIGER MF BORNEO 4REST BANDANA,paket sudah terima kondisi baik dipacking aman rapi produk sesuai
EIGER WAGLERI MID SHOES SEPATU,barang sesuai harap discount lagi waterproof outsole vibram insole orthopedics recommend tinggal eksekusi
EIGER WANDERFURTHER CROSS SLING BAG,so far lihat okee salah beli variant belum buka ada mau pake ig phitonthel
EIGER NEWARK WINDPROOF JACKET,sesuai pas
EIGER ROOKIE CROSS SLING BAG,barang keren kualitas bahan bagus ya harus ada kondisi
EIGER ARETHA 1.0 WOMAN TRAVEL POUCH,selalu lucuu product nya eiger tuhh udh berapa kali repeat order sukaa sama model sama bahan nya
EIGER STARTER DAYPACK 21L,mantap keren
EIGER VISAGE WATCH JAM TANGAN,simple terang liat jelas waktu warna olive sesuai deh
EIGER X-NAMBILLO 1.0 CAP MOUNTAINEERING,sesuai pesan ukur pas produk ori asli makasih
EIGER WS SHORESIDE 2.0 PACK 22L LAPTOP,sesuai gambar warna kuning jg soft bagus kuat dapet harga murah bgt krn banyak voucher pas pas an buat laptop macbook air m gak bisa pake sleeve anti air
EIGER FREEWAY 15L BACKPACK,eiger ori pasti bagus awet tali pundak jamin mlorot ada kartu garansi pulak pokok nyesel dg eager
EIGER CHRYSLER 2.0 CROSS SLING BAG,belum buka karena kado kirim cepat
EIGER LANDER RACE PANTS,bahan kualitas nyaman lembut pakai terimakasih eiger
EIGER WS DAWSON WATER BOTTLE,mantap sesuai deskripsi
EIGER STERK WATCH,model keren
EIGER CLUTCH 1.0 WAIST BAG,produk oke mantap eiger
EIGER DAILY RIDING GLOVE COMBINE 1.0,ada ulas
EIGER COVERBAG S MOUNTAINEERING,ada ulas
EIGER WS VOODOO 1.0 BOTTLE,bagus barang kecewa packaging guna tambah biaya proteksi ku pikir akan double packaging nya bubble plastik nyata hanya kardus
EIGER VITEZA QUILTED VEST,barang datang sesuai pesan bagus
EIGER J. WARMER MEN JACKET,tiada bimbang tiada ragu eiger sudah jadi langgan
EIGER COMPACT 1.0 DAYPACK,bahan tebal muat isi banyak
EIGER CALDERA MEN 2.0 ROLL STRAP SANDALS,sudah sampe selamat udah coba pas nyaman kaki
EIGER X-TREKFASTER 1.0 PANTS,datang aman ukur sesuai model jg bagus
EIGER DAILY RIDING GLOVES FULL 1.0,terima kasih merk terpecaya perlu ragu
EIGER WAIKAPU SANDALS JEPIT,packing aman kirim cepat bahan bagus ukur sesuai mantap
EIGER DAILY RIDING GLOVE COMBINE 1.0,pas tangan ukur xl tentu nyaman utk motor karena jari bisa tap layar hp makas
EIGER MOAMBA MID CUT BOOTS,makasih min sudah sampai kirim cepat hari sudah sampai padahal beda pulau dapat harga diskon sekitar sepatu nya bagus nyesal beli moga awet
EIGER GRAPNEL POUCH 1A LIFESTYLE,kwalitas sudah tdk ragu lagi produk original jual ramah n gercep
EIGER REVEAL 14 LAPTOP BACKPACK,akhir nyampe jg tas yg d tunggu mksh ka
EIGER WS BHARDEV ROLL STRAP SANDALS - Black,ukur pas ringan cocok buat aktifitas outdoor karena lici
EIGER INTENSE WARMER JACKET,delivery super fasst produk standar eiger
EIGER WANDERHAUL SHOULDER 5L,barang udah sampai ada kurang terima kasih
EIGER DAILY RIDING GLOVE COMBINE 1.0,layan prima produk sesuai deskripsi pesan serta kirim cepat
EIGER CLUTCH 1.0 WAIST BAG,alhamdulillah pesan tas eiger saya sudah sampai cepat bahan jahit nya bagus kuat
EIGER GEOMETRICA SHORT WALLET,terimakasih barang sudah sampai selamat fast respon
EIGER STARTER DAYPACK 21L,kulitas bagus kirim cepat original
EIGER SHORESIDE 2.0 15L BACKPACK,bagus keren kirim cepat bahan kualitas eiger
EIGER FIORA SLIM SHOULDER BAG,lucu sesuai ekspektasi
EIGER FIORA 2.0 SLIM SHOULDER WS,lucu sesuai ekspektasi
EIGER PRIDE-WP SLING WAIST BAG,lucu sesuai ekspektasi
EIGER GRASSLAND NR 1.0 CAP,bagus bagus
EIGER GEOMETRICA SHORT WALLET,warna keren
EIGER FREEWAY 15L BACKPACK,ada ulas
EIGER GOTLAND ROLL STRAP SANDALS,nyala king kualitas mantap kirim cepet pol
EIGER PEDAUH MID CUT MEN SHOES,sepatu bagus
EIGER JOURNAL 2.0 DOPP KIT,bagus sesuai pesan
EIGER AZIMUTH BEANIES MOUNTAINEERING,bagus euy
EIGER TRIPWALK BACKPACK 20L 2A,simple keren model makasih seller tokped kurir yg gercep
EIGER CLUTCH 1.0 WAIST BAG,ada harga ada rupa eiger emang beda
EIGER TRIPWALK BACKPACK 20L 2A,model keren bahan bagus
EIGER KINGFISHER LITE 10 NEW COLOR BACKPACK,barang aman sesuai dg harga yg unik terima kasih seller kirim tepat waktu
EIGER X-FULL PRINT EIGER T-SHIRT,bagus sesuai deskripsi kirim cepat aman bahan cukup tebal nyaman pakai ukur pas terimakasih
EIGER TIKONATA FOLDABLE TOTE BAG 5L,bagus sesuai deskripsi model simple mudah lipat terimakasih
EIGER STERK WATCH,bagus baik mantap moga dpt lagi lanjut
EIGER CLUTCH 1.0 WAIST BAG,moga awet
EIGER MIKIFLEECE CAP LIFESTYLE,lingkar kepala cocok nyaman pake size m produk kualitas jual responsif kirim cukup lama
EIGER CAYMAN LITE MID CUT SHOES,good respon sesuai pesan recomended seller
EIGER WAGLERI MID SHOES SEPATU,produk kualitas model bagus moga awet merk lokal made in china hahaa
EIGER WANDERDRIFT 3.1 POUCH 1A,eiger emang gak pernah kecewa tiap produk nya
EIGER X-COMPRESSION LOW SOCKS,beli beli pertama puas atas kualitas harga eiger mah usah ditanyain lagi
EIGER TROPIC TRIP 1.0 CAP,pas sesuai yg mau manatap respon cepat paking rapih kirim cepat mantap toko
EIGER DAILY RIDING GLOVE COMBINE 1.0,sesuai pesan barang mantap harga jangkau
EIGER X- TRAV CARD WALLET RFID,bagus kirim cukup cepat
EIGER HERALD 5L V CROSS SLING BAG,belum pakai lihat bagus bangett mudah mudah sesuai harap
EIGER MENS X-CARBINE SS SHIRT,selalu always top
EIGER PARACORD BRACELET 2.0,barang darat aman packing oke aman model y bagus gelang saya suka bahan material y nggak kaleng eiger punya
EIGER GRAVEL 1.0 SHIRT (SHORT SLEEVES),produk istimewa bahan baku material bagus layan jual luar biasa muas beli sekian kali trima
EIGER MENS X-CARBINE SS SHIRT,produk istimewa bahan baku material bagus layan jual luar biasa muas beli sekian kali trima
EIGER MEN'S TREPAR SS SHIRT,produk istimewa bahan baku material bagus layan jual luar biasa muas beli sekian kali trima
EIGER IMMIGRATE 25 BACKPACK,model bahan ok
EIGER SHOULDER BAG SIMPLE MEDIUM 2F,recommended seller best kurir
EIGER GEOMETRICA SHORT WALLET,kirim cepat packing aman kualitas g perlu ragu lg
EIGER SWIFTNESS 2.0 VEST BLACK,bagus model keren harga jg saing
EIGER FLORENCE LOW CUT WOMAN SHOES,proses cepat recomended
EIGER TRIPWALK BACKPACK 20L 2A,alhamdulillah kerenn orii dapet diskon lagi moga berkah
EIGER SELVA WOMEN SANDALS,emas kilat kirim cepat packing ok produk komplit bagus
EIGER NEOGA WALLET DOMPET,emas kilat kirim cepat packing ok produk komplit bagus
EIGER TOURER 2.0 SHOULDER 1A,emas kilat kirim cepat packing ok produk komplit bagus
EIGER WANDERHAUL BEANIE LIFESTYLE,ok mantap bahan bagus mutu thanks
EIGER MACACA DIGI 25 LAPTOP BACKPACK,kirim cepat order kemarin lagi hari sdh sampai sy blm sempet buka moga bagus ses dekripsi n foto terima kasih seller
EIGER PVC TRITAN WALLET 1.0,keren sesuai harap bahan kokoh finisin rapih
EIGER GEOMETRICA SHORT WALLET,keren usah ragu lagi merek eiger tampil okee kesan premium
EIGER KINGFISHER LITE 18 NEW COLOR BACKPACK,barang ok sesuai deskripsi mantapp moga awet
EIGER COMMANDO METAL 1.0 CAP,baagus warna
EIGER BASQIN FF 1.0 GLOVES,mantapp barang keren meski ukur m agak besar sikit it s okay
EIGER BAITOU WATCH MOUNTAINEERING,sesuai ekspektasi
EIGER WANDERHAUL SWEATSHIRT,sesuai pas dipake mudah mudah awet
EIGER CLIFTON SHOES 1989 PRIA,keren bagus
EIGER MAXWELL 1.0 BOTTLE MOUNTAINEERING,bgus bahan
EIGER MF BORNEO 4REST BANDANA,pas sesuai butuh ganti masker terima kasih
EIGER ALPAMAYO MENS BEANIE,langsung pakai lembang hangat maksimal terima kasih
EIGER COMMANDO CADET 1.0 CAP,kualitas baik kirim aman cepat top lah
EIGER TROPIC TRIP 1.0 CAP,mantap topi khas indo kalimantan
EIGER ROADWAY 12L BACKPACK,sesuai deskripsi packing aman bahan tipis kualitas sesuai hrg smoga awet
EIGER X-CERVUS 15 BACKPACK,sesuai deskripsi packing kantong kresek proses hr kualitas sesuai hrg smoga awet stok tinggal
EIGER MOTION GLASSES KACAMATA,barang sampai aman kirim cepat
EIGER WS CHIMBALI 2.0 FULL GLOVES,ukur beneran ngepress tangan ada sedikit lebih
EIGER COMMANDO METAL 1.0 CAP,model keren bahan lembut kirim cepat packing rapi
EIGER VESSEL SLING 2.0 PHONE CASE,sesuai deskripsi mantap
EIGER X-CARSTENSZ PYRAMID BANDANA,barang original harga ok packing aman
EIGER CAYMAN LITE MID CUT SHOES,modal keren uk pas dapat harga promo
EIGER VISAYAS MEN SANDALS NEW COLOR,cakeep liat panjang ukur regular shoes turunin
EIGER GALI TRAVEL POUCH H 3L,kerenn asli original
EIGER THUNDERBOLT 1.0 RAINSUIT,sesuai pesan moga awet kirim cepat
EIGER VERTMOUNTRIDE FULL GLOVES,bagus lah nampaknya bagi panjang pas tetapi bagi lebar agak lebih bagi telapak tangan asa tebal bagi atas asa tipis
EIGER TACTICAL BELT MOUNTAINEERING,tali pas celana formal bagi kepala besar tetapi gampang lepas cocok buat ngantor
EIGER CAYMAN LITE MID CUT SHOES,bahan nya halus lembut nyaman nyaman ukur sesuai harap sukses selalu eiger
EIGER MACACA 18 BACKPACK MOUNTAINEERING,oke baik
EIGER X-SCAWBY VERTICAL 2.0 PHONE CASE,ok siap nuhun makasih banyak ya
EIGER WOMEN PACCHANTA ROLL SANDALS - Blue,keren sendal enak pakai
EIGER WOMEN VOLGA HAT 1.0,barang sesuai pesan jenis jumlah ada cacat fungsi baik ukur sesuai deskripsi jadi pas guna kwalitas ya kwalitas eiger lah
EIGER JR MOORLAND WINDBLOCK JACKET,barang sesuai pesan jenis jumlah ada cacat fungsi baik ukur sesuai deskripsi jadi pas guna kwalitas ya kwalitas eiger lah
EIGER WOMEN PACCHANTA ROLL SANDALS - Cyan,barang sesuai pesan jenis jumlah ada cacat fungsi baik ukur sesuai deskripsi jadi pas guna kwalitas ya kwalitas eiger lah
EIGER RAWSON LS SHIRT KEMEJA,model keren pas bad kualitas ragu lagi mantap makin banyak beli makin banyak diskon
EIGER ALPHA DX JACKET TACTICAL,barang datang sesuai pesan respon jual cepat mantap
EIGER MACACA 12 1.1 BACKPACK,keren terima kasih min saya suka daypacknya
EIGER KINKAJOU ROLL STRAP 2.0 SANDALS,alhamdulillah barang sudah terima kirim
EIGER CALDERA PINCH 2.0 SANDALS,material bahan bagus kerja rapi nyaman pakai respon seller cepat moga awet gak hilang good job eiger
EIGER X-BARDENAS INVISIBLE SOCKS,beli dua bahan enak nyaman responnya cepat udah dipake cuci kali masih awet recommended
EIGER MATRAS CACING MOUNTAINEERING,good product
EIGER STREAMLINE 45 CARRIER,good product
EIGER Z- MUIZENBERG MEN BP SANDALS - Black,barang baguus nyaman pakai
EIGER MACACA DIGI S18 LAPTOP SHOULDER BAG,barang sesuai original kirim cepat
EIGER SWIFTNESS 2.0 VEST BLACK,bagus ukur presisi sesuai chart
EIGER MS FINDERS PRO INSULATE JACKET,ukur l eropa xl asia mantab kece abis warnannyaa
EIGER BISKRA SHOES 1989 PRIA,kalo mau beli waji naik nomer biar nyaman pakai nya kualitas nya eiger memang ragu lagi
EIGER WOMEN PACCHANTA ROLL SANDALS - Cyan,barang bagus sesuai pesan tinggal pakai
EIGER HAAST SUNGLASSES MOUNTAINEERING,barang sesuai pesan moga awet
EIGER JOE DIRT 1.1 VEST,model keren pas bad
EIGER KAHUNA PARKA 2.0 JACKET,oke nihh gass
EIGER TROPIC TRIP 1.0 CAP,adem euy terima kasih
EIGER X-COMPRESSION LOW SOCKS,kirim cepat produk ori pakai enak kompresi dapat
EIGER BRAUCIENS SUNGLASSES,model keren material bagus kombinasi warna hitam orange monotone packing biasa hanya pakai kardus kecil untung sudah dapat semi hardcase bawa eiger kurang
EIGER WOMEN VIRERE LOW CUT SHOES - Clay,alhamdulillah sepatu muat panjang kaki cm kaki gemuk masih ada cukup ruang sepatu ringan saat coba blm coba utk jalan jauh warna nya cantik
EIGER WELCOME 2 D'JUNGLE 1.0 HAT,alhamdulillaah paket darat selamat topi bagus jaitan mantap warna keren cuma agak longgar padahal type yg beda ukur m pas
EIGER KAVERY 1.0 SHOES - Olive,bagus sesuai gambar kwalitas baik model sip uk sesuai nyaman
EIGER STRIKE BEANIE RIDING,baik murah
EIGER SWIFTNESS 2.0 VEST BLACK,ukur kecil
EIGER MOUNT TRACK LANDSCAPE 1.0 WALLET,model keren
EIGER FREEWAY 15L BACKPACK,bahan kuat moga awet
EIGER PIRANHA 1.0 SHOES HIKING,bintang bicara terimakasih gan
EIGER ANETO CAP WS RIDING,barang baik kirim sempat lama
EIGER X-NAMBILLO 1.0 CAP MOUNTAINEERING,original eiger jual ramah recommended
EIGER MANDEVILLA BRACELET,bagus sesuai pesan
EIGER FLECKEN LANDSCAPE WALLET,keren material bagus sesuai ekspektasi packaging oke banget tiba ontime sesuai estimasi
EIGER SKETCH GEOMETRIC T-SHIRT,mantaps kreen
EIGER CUSCO PINCH SANDALS - Grey,model keren n baguss pass pakai bahan jozz
EIGER VESSEL SLING 2.0 PHONE CASE,barang original
EIGER TROPIC TRIP 1.0 CAP,barang lumayan bagus jahit rapih sesuai deskripsi
EIGER BLANCA-MDW WATCH MOUNTAINEERING,mantap barang ori
EIGER STRAIGHTWAY LS FLANNEL SHIRT,bagus baju nya sesuai gambar bahan nya adem moga suami ku suka
EIGER STARTER DAYPACK 21L,enak pundak bentukknya oke oke banget
EIGER X-CARSTENSZ PYRAMID BANDANA,paket sudah terima kondisi baik dipacking aman rapi produk sesuai
EIGER CAMOLLET WALLET LIFESTYLE,mantap pacar sukaa
EIGER SHOULDER BAG SIMPLE MEDIUM 2F,bagus banget
EIGER WS ANAPHALIS 1.0 HAT,keren bagus top
EIGER X-FLORENCE WALLET LIFESTYLE,ok kualitas bahan bagus kirim cepat warna sesuai pesan
EIGER LANDER RACE PANTS,barang sesuai deskripsi jahit rapi sesuai harga moga durabiltynya jg
EIGER PIRANHA 2 SHOES HIKING,mantap rencana akan d pakai rinjani
EIGER COMMANDO METAL 1.0 CAP,kemas kurang aman kualitas barang biasa kirim lumayan cepat
EIGER WS VARSHA FOLDABLE DUFFLE BAG,alhamdulillah akhir darat dg aman telah ada drama salah kirim produk ori packing standar yg penting produk tiba tanpa ada cacat seller responsif
EIGER MAXWELL 1.0 BOTTLE MOUNTAINEERING,packing nya jelek
EIGER VERT89 LS T-SHIRT KAOS,baguuss proses cepeett
EIGER BISKRA SHOES 1989 PRIA,barang bagus sesuai pesan ukur pas moga awet terima kasih
EIGER VOYAGER JACKET 2.0,keren banget lengan sama hoodienya bisa buka pasang moga awet
EIGER KINKAJOU PINCH 2.0 SANDALS,harga sesuai kualitas eiger ya nyaman kaki tebel karet saya dulu beli masih awet cuma sudah sgt tipis beli skrg makin tebel masih nyaman
EIGER GEOMETRICA SHORT WALLET,keren mantap elegan kompartemen kartu uang cukup oke
EIGER CLUTCH 1.0 WAIST BAG,model nya keren pas buat pakai saran klo pakai ekspedisi yg lain saja karena ekspedisi hitung lama proses antar nya
EIGER ALPINE W CROSS SLING BAG,model bahan bagus sampai tepat waktu ukur sesuai
EIGER PORTEND SHOULDER BAG,agak besar buat aku bagus smoga kuat awet
EIGER DRAGONFLY 2.1 SUNGLASSES,sesuai deskripsi polarized dpakai nyaman adem mantapp
EIGER TN KEP SERIBU SS TEES,cocok moga awet tahan lama guna
EIGER TOURER WANDER 1.1 22L 1A LAPTOP BACKPACK,mantab sesuai
EIGER KIGALI SHOES 1989 PRIA,produk asli ukur sesuai nyaman d pakai
EIGER WS ZERNES WATER BOTTLE,barang sesuai deskripsi cepat sampai packing mantap
EIGER WOMEN CALDERA ROLL STRAP 3.0 SANDALS,barang sesuai kemas baik langsung kirim kondisi baik
EIGER DARLING SLING BAG WS,sesuai order proses kirim cepat bagi banyak sekat
ANTERO,jam cocok buat saya kirim cepat
EIGER X-CERVUS 15 BACKPACK,yaa sesuai harga lah mayan buat pergi pas bawa diikit pake
EIGER COVERBAG S MOUNTAINEERING,barang sesuai
EIGER JUNIOR LUCHI DUFFLE BAGS 15,bagus suka warna
EIGER TRATTINO LOW SOCKS - Grey,kaos kaki nya bagus ori pas saya pakai pokok e puas banget
EIGER X-CHARGE GLOVES RIDING,bener memang ukur agak kecil untung aku sen xl kualitas main main padahal made in indonesia seluruh fitur fungsi baik
EIGER VALOR TREKING POLE MOUNTAINEERING,fungsi baik kokoh
EIGER CUSCO PINCH SANDALS - Olive,pas mangtaft
EIGER WS EMERIA LAPTOP BACKPACK,bagus bangett luar ekspektasi alias gak kecewa sama wl dr lama akhirny sampean jg
EIGER CAYMAN LITE MID CUT SHOES,mantap nyala
EIGER X-PROTECTEUR ARM SLEEVE BLACK,kualitas nyaman
EIGER TRIPWALK BACKPACK 20L 2A,keren model fast respond pas moga awet
EIGER ALTINGIA EXCELSA SHORT WALLET,bahan produk bagus ukur model keren simpel
EIGER X-HILLSIDER PACK 20L,barang oke pengirirman cepat aman ukur l
EIGER CLOUDRUN 2.0 SHOES RUNNING,ada ulas
EIGER ENAMEL MUG 3.0 NEW COLOR,makasih barang dah sampai packingnya rapi kirim cepat layan ramah
EIGER KALAMANTARA BLK BORNEO F1 SHIRT,recommended seller harga paling murah kirim cepat
EIGER CLASSHALL PACK 20L BACKPACK,tas bagus kwalitas salah datu baik srmoga awet
EIGER X-CORDYLINE WALLET 1.0,sesuai pesan
EIGER FLECKEN LANDSCAPE WALLET,dompet keren
EIGER SHOULDER BAG SIMPLE MEDIUM 2F,bagus selalu repeat order kali ya moga awet kualitas tetep jaga ya eiger
EIGER SERVAL LOW MEN SHOES,ukur pas barang oke ori
EIGER GRASSLAND NR 1.0 CAP,topi keren respon kirim cepat trims
EIGER COMRADE FRONT BAG CHEST PACK,sudah terima bagus model banyak saku dalam respon kirim cepat terima kasih
EIGER SENDER TRIPWALK POUCH,original mantap
EIGER BERIUN JUNGLE HAT TOP RIMBA,respon seller cepat barang sesuai
EIGER FORLOUGH 20 LAPTOP BACKPACK,mengecwakan barang harus isi item yg terima cuma item bukti vidio sudah kirim foto paket sudah kirim pihak sapx sudah datang rumah
EIGER WINDWARD AVIATOR GLASSES,barang sesuai pesan sampai dgn aman krn dipacking dgn baik kualitas bahan bgs bgt mantap pkonya
EIGER MIST FOREST 1.1 WALLET,amazing kirim cepat barang bagus trims eiger toped and kurir
EIGER X-FLORENCE WALLET LIFESTYLE,model bagus moga awet eiger mmg top
EIGER PLATOON CAP MOUNTAINEERING,terima kasih puas banget topi nya bagus rekomend belanja sini
EIGER CITY ROLLING 20L BACKPACK,produk cakep cuman packing nya kaya bungkus krupuk kaleng
EIGER KINKAJOU PINCH 3.0 SANDALS,model keren pas original
EIGER NEWARK WINDPROOF JACKET,seller nya ramah item kirim sesuai deskripsi gambar item pes dipacking rapi aman box ukur sesuai pesan kirim super ki
EIGER BHARDEV ROLLSTRAP SOL OLIVE SANDAL,respon seller ramah barang kirim kilat box rapi ukur item sesuai ada kantong tas nya warna sesuai gambar item sesuai deskripsi terima kas
EIGER VERDANT ROLL STRAP SANDALS,produk sesuai deskripsi packaging rapih pakai double box kirim sesuai seller ramah sepatu sendal keren kokoh ringan
EIGER TREKKER 2.0 SOCKS MOUNTAINEERING,mantep kaos kaki enak d pakai ukur kaki saya masih enak pas tdk kecil
EIGER BERIUN JUNGLE HAT TOP RIMBA,size m kepala pria dewasa pas mas agak longgar yah klo mau beli ukur dulu
EIGER WOMEN VIRERE LOW CUT SHOES - Khaki,bagus pass
EIGER FOJA TRAIL SANDALS - Navy,good well receive with thanks
EIGER VOYAGER JACKET 2.0,size m cocok dg tb bb
EIGER STREAMLINE 45 CARRIER,ada ulas
EIGER WOMEN VIRERE BOTTLE POUCH 700ML,asli original autentic
EIGER ROAD JOURNEY T-SHIRT,bahan nya adem bagus
EIGER KINKAJOU ROLL STRAP 2.0 SANDALS,alhamdulillah udah sampai ukur nya pas kualitas bagus bgt
EIGER VERDANT BEANIES SHORT,kualitas baik bahan halus kirim cepat
EIGER PROVO WATCH LIFESTYLE,mantapp jam tangan pas tangan lengkap oke bonus strap baterai sampai cepat ada cacat
EIGER ROADTRIP 2.0 SHOULDER BAG,bagus keren tas rekomendasi jual ramah responsif
EIGER BELT DIRECTION 1.0 MOUNTAINEERING,layan toko ramah soal kualitas jangan tanya pasti sudah jamin lah kalau eiger
EIGER X-NAMBILLO 1.0 CAP MOUNTAINEERING,barang sesuai deskripsi kirim cepat
EIGER TROEPEN CAP MOUNTAINEERING,barang sesuai pesan
EIGER PATHWAY 2.0 SHOULDER BAG,bagus keren tas emas mantap jual ramah responsif rekomendasi
EIGER OBSERVE DOPP KIT MOUNTAINEERING,bagus tas rekomendasi
EIGER PATHWAY 2.0 SHOULDER BAG,bagus keren tas jual ramah responsif rekomendasi
EIGER X-CORDYLINE WALLET 1.0,bagus mudah pakai pakai mana mana simple nyaman muas
EIGER WINDWARD AVIATOR GLASSES,ada ulas
EIGER DADCAPS TOPI LIFESTYLE,barang kirim sesuai barang jelek produk eiger
EIGER X-TREKFASTER 1.0 PANTS,seperti biasa bawa tukang jahit motong bawah jari panjang over all nyaman pinggang pas lp cm
EIGER COMMANDO METAL 1.0 CAP,barang ok
EIGER IRIDIUM 2L FOLDABLE WB,eiger memang mantap bahan lembut fan halus
EIGER BHARDEV PINCH SOLE OLIVE SANDALS,moga sendal awet
EIGER WOMEN PACCHANTA ROLL SANDALS - Cyan,puas kata pakai empuk ceunah
EIGER IGUAZU CUP LIFESTYLE,barang oke
EIGER PORTLAND POUCH MOUNTAINEERING,top markotop pokoke ono rego ono rupo
EIGER GRASSLAND NR 1.0 CAP,sesuai ingin ikat topi belakang pakai klik
EIGER VESSEL SLING 2.0 PHONE CASE,sesuai deskripsi sesuai foto pokoke asli
EIGER BISKRA SHOES 1989 PRIA,terimakasih sepatu sudah sampai dg kondisi yg bagus kirim cepat langsung saya pakai jemput anak sekolah
EIGER BEAR UP BELT RIDING,barang yg datang sesuai pesan
EIGER DISTANT 2.0 SHOULDER BAG,produk sesuai bahan model bagus recommanded
EIGER BHARDEV PINCH SOLE BLACK SANDALS,sudah cocok pakai sendal dulu kirim cepat
EIGER LEG PACK S MIGRATE 1989,barang bagus ori kirim cepat good
EIGER CUSCO PINCH SANDALS - Grey,harga tolong kondisi tiba saya udah beli harga turun allahuakbar
EIGER RAKISH TRAVEL POUCH,keren banget suka warnanyaa padahal tadi kayak sreg sama desain tas pas dipake bagus nyata
EIGER WS SELFOSS 1.0 BOTTLE,desain bagus kirim emas oke terlalu tahan es kalau pakai es batu gr cair jam kalau es batu gr baru lumayan awet sampai
EIGER DAILY RIDING GLOVE HALF 1.0,bahan nya nyaman kirim tepat waktu kualitas oke punyaa
EIGER VERDANT BEANIES SHORT,barang sesuai pesan kualitas lihat aj bintang ya
EIGER COVERBAG S MOUNTAINEERING,barang kualitas cepat sampai bagus over all
EIGER DRY BAG STRAP 40L MOUNTAINEERING,mantab datang box yg niat banget packaging nya dah pasti gak ada lecet padahal dry bag yg banting pun gak bakal rusak emang beda kalau brand serius tha
EIGER RASTER LOGO 2.0 T-SHIRT,bahan halus sablon bagus pas badan panas badan real pict asli buat eiger terima kasih
EIGER X-CORDYLINE WALLET 1.0,kecil banget harga kak cuma tulis eiger doankk
EIGER X-HILLFRONTER PACK 25L LAPTOP BACKPACK,kurang banyak kantong naruh tempat bahas bawah ada busa kalau beban berat liat siksa kain twrtekan bawah lebih baik kasih busa
EIGER COVERBAG S MOUNTAINEERING,hmm smlslsmnsnszmlsksns ok
EIGER MOZAMBIQUE WS SANDALS,enteng nyaman
EIGER NORTHWALL 2.0 CAP TOPI,produck eiger memang ok dulu
EIGER ALPINE W CROSS SLING BAG,model warna sesuai gambar mantap
EIGER SNOREBAND SHOELACES,kualitas muas
EIGER EXPLORE SS T-SHIRT KAOS,eiger emang mantap
EIGER CLASSHALL PACK 24L LAPTOP BACKPACK,barang sesuai deskripsi paking bagus rapih
EIGER COVERBAG S MOUNTAINEERING,barang sesuai deskripsi paking bagus rapih
EIGER J. WARMER MEN JACKET,barang sesuai deskripsi paking bagus rapih
EIGER TRATTINO LOW SOCKS - Grey,belum pakai akan direview lebih lanjut jika sudah pakai
EIGER BUGLE 2.0 SHOES SEPATU,muantapp dapet harga murah pula thanks eiger
EIGER COVERBAG S MOUNTAINEERING,fungsi baik lindung debu hujan
EIGER MILESTONE TRUCKER CAPS,moga awet
EIGER COMMANDO CADET 1.0 CAP,terima kasih telah sampai kirim cepat mantap moga jual lancar sukses selalu
EIGER RAKISH TRAVEL POUCH,kemas rapi kualitas premium pokok mantap muas
EIGER GEOMETRICA SHORT WALLET,barang sesuai deskripsi keren cuma rada sempit space dlm nya
OSPREY DAYLITE CROSSBODY POUCH,sudah pasti bisa ragu lagi kualitas fungsi osprey daylite crossbody moga awett
EIGER DAILY RIDING GLOVES FULL 1.0,pass tangan nyaman pakai nya
EIGER ALPAMAYO MENS BEANIE,sesuai mantap
EIGER X-BOUSTER 1.0 JACKET,model keren bagus moga awet dipake kita
EIGER MISSIVE WATCH DIGITAL,barang bagus ori
EIGER CALDERA MEN 2.0 ROLL STRAP SANDALS,muas top
EIGER JOURNAL 2.0 DOPP KIT,no words needed just
EIGER MS FINDERS PRO INSULATE JACKET,jaket eiger ms finders pro insulate warna grey ukur m awal nya agak ragu besar gak krn size nya utk ukur orang bule nyata begitu dicobain muat saya
EIGER STRENUOUS WINDPROOF JACKET,barang bagus fiting pas mantep dehh eiger
EIGER EQUATOR LINE WALLET 1.0,jamin oten
EIGER SQUADRON 1.0 RAIN SUIT,produk ok respon cepat
EIGER RAMBLER 2.0 CROSS SLING BAG,barang sesuai yg pes seller responsif dipacking baik bagus desain enak buat jalan
EIGER VECCHIO FF HELMET WHITE,desain bagus retro kasual masuk semua gaya
EIGER TN KEP SERIBU SS TEES,nyaman enak pakai mana kita ada
EIGER WEEKENDER WAIST WS LIFESTYLE,ada ulas
EIGER X-NAMBILLO 1.0 CAP MOUNTAINEERING,bagus tebel pas aku cinta mely
EIGER TOUCAN 2.0 WALLET MOUNTAINEERING,done pesan sdh sampai kondisi baik sesuai pesan produk eiger ngga perlu ragu lagi terima toped teeima kasih eiger
EIGER NATIVA WALLET WS LIFESTYLE,done pesan sdh sampai kondisi baik sesuai pesan produk eiger ngga perlu ragu lagi terima kasih toped terima kasih eiger
EIGER KINGFISHER LITE 18 NEW COLOR BACKPACK,warna navynya keren banget kualitas jangan diraguin lah ya produk eiger selalu bagus
EIGER CRUISER 2.0 BACKPACK 25L,barang bagus sesuai dhn pilih
EIGER WANDERHAUL NECK POUCH,kualitas barang cukup bagus harga
EIGER TROPIC TRIP 1.0 CAP,nyata xl gede ukur
EIGER KINKAJOU ROLL STRAP 2.0 SANDALS,tapak kokoh nyaman pakai kereen
EIGER JOURNAL SLEEVE BAG 2A,nyaman pakai kualitas bagus suka produk original thank u seller
EIGER WS GEVA SAFARI VEST,ada ulas
EIGER COVERBAG XL MOUNTAINEERING,packing aman kualitas rain cover sesuai harga moga awet nanti
EIGER VALOR 2.0 SANDALS PRIA,nyaman pakai empuk warna nya pas jadi bisa pakai buat non gunung
OSPREY AETHER 55 S21 RUCKSACK,ori bagus banget
EIGER R.LT 14 MERIDIAN 30 LAPTOP BACKPACK,recomended belanja eiger tas nya bagus top banget
EIGER TOMAHAWK ROLL STRAP PATTERN 2 SANDALS,alhamdulillah paket udah sampai produk ori suka eiger kuat nyaman pakai
EIGER NEWARK LONG CARGO PANTS,bb tb size pas nyaman
OSPREY HIKELITE 26 S23 CARRIER,dulu pernah punya hikelite sekarang upgrade hikelite seri punya tambah ruang cukup pada buka resleting lebih nyaman bongkar mua
EIGER NORTE SLIDER 2.0 SANDALS,ada ulas
EIGER VERDANT ROLL STRAP SANDALS,emg gapernah kecewa sama produk eiger btw ringan nyaman dipake
EIGER CUSCO ROLL STRAP SANDALS - Terracotta,ada ulas
EIGER RIMBA 2 IN 1 1.0 HAT,sungguh aku tak pernah bisa jadi orang telah ikut kuis moga untung akan jadi lebih baik
EIGER COMRADE SASOCHE SHOULDER BAG,pas badan tempat luas banyak compartment
EIGER ROADTRIP 2.0 SHOULDER BAG,pas pakai kualitas bagus
EIGER KINKAJOU PINCH 2.0 SANDALS,barang terima ada baik sesuai spesifikasi
EIGER CRUISER 3.0 LAPTOP 18L 1A BACKPACK,kirim cepat kualitas barang perlu ragu lagi
EIGER ROADTRIP 2.0 SHOULDER BAG,barang bagus sesuai harga roduk eiger tdk pernah kecewa
EIGER CAYMAN LITE MID CUT SHOES,barang muluss
EIGER SHOULDER BAG SIMPLE MEDIUM 2F,ok nyata emang ukur yg gw cari
EIGER STARTER DAYPACK 21L,ukur pas warna aku suka bahan kualitas
EIGER HAVASU WATER BOTTLE,ada ulas
EIGER SQUADRON 1.0 RAIN SUIT,packing rapi barang bagus mantap kualitas eiger ragu lagi
EIGER JR MOORLAND RIMBA HAT,bahan bagus tetapi sy slh ukur sy sen lg ukur xl
EIGER KINGFISHER LITE 10 NEW COLOR BACKPACK,kirim kesasar
EIGER CALDERA MEN 2.0 ROLL STRAP SANDALS,brg sesuai deskripsi recomment seller
EIGER SQUADRON 1.0 RAIN SUIT,bocor aman karena ada lapis lindung zipper material jas hujan terlalu tipis rentan sobek harus hati hati pakai jangan kasar ikut pandu awat
EIGER CHRYSLER 2.0 CROSS SLING BAG,mantap dipake enak lumayan besar
EIGER MIST FOREST 1.1 WALLET,yg order warna brown yg kirim warna black
EIGER COVERBAG S MOUNTAINEERING,respon jual cepat kemas rapi kurir cepat
EIGER KANCHENJUNGA BEANIE,barang sudah sampai sesuai pesan moga awet
OSPREY DAYLITE PLUS S21 BACKPACK,nyaman punggung ransel lihat kecil muat banyak barang bahan kokoh multifungsi bisa kerja pun outdoor an
EIGER CLUTCH 1.0 WAIST BAG,mantap eiger sesuai ekspektasi bahan tebal busa gantijn yg lama
EIGER FLECKEN HAT 1.0 LIFESTYLE,topi sesuai dng deskripsi foto terima kasih
EIGER NEW RIDING GLOVE BASIC HALF,tampil bagus asa nyaman saat pakai terimakasih
EIGER NEOGA WALLET DOMPET,kecil si lumayan imut imut gmn gtu
EIGER GRAVEL 2.0 X28 LS UPDATED SHIRT,baguss barang lumayan tipis gerah kain lembut
EIGER FIORA 2.0 SLIM SHOULDER WS,semua bagus baik barang layan kurir
EIGER X-NAMBILLO 1.0 CAP MOUNTAINEERING,ada ulas
EIGER MIST FOREST 1.1 WALLET,model out of the box keren agak besar saya kira kecil nyata besar
EIGER GEOMETRICA SHORT WALLET,model keren mantap bahan keren tipis manteplah eiger
EIGER TROCADERO OLEANDER 2.0 SANDALS,sya sudah pake nyata enak saat maka ringan kualitas ragu lagi tahan banting
EIGER CROVER 1.0 WAISTBELT,model simple keren kirim agak lama
EIGER WAIKAPU SANDALS JEPIT,model bagus ukur pas sesuai nyaman pakai kirim cepat
EIGER RIBS TRANS CARGO SHORTS,admin ya responsif ukur sesuai tb bb belum sudah pernah milik celana yg sama persis hanya sekarang ukur lebih besar
EIGER TOURER WANDER 1.1 22L 1A LAPTOP BACKPACK,mantap sudah sampai sesuai pesan terima kasih
EIGER VIVID T-SHIRT,sesuai pesan terima kasih
EIGER COVERBAG S MOUNTAINEERING,kualitas ukur ngepas lngsung tas
EIGER HALSTAAT MICRO SOCKS - Blue,barang bagus mantap
EIGER WANDERHAUL CABIN PACK,eiger pokoke yg baik
EIGER MACACA 12 1.1 BACKPACK,respon seller cepat barang fungsi normal kirim lama
EIGER BARRIER GLOVES RIDING,ukur pas enak pakai material lentur kaku direkomendikasikan
EIGER MIKIFLEECE CAP LIFESTYLE,pas size nya moga awet
EIGER COVERBAG S MOUNTAINEERING,barang sesuai pesan pas saat masuk tas eiger
EIGER CLOUDRUN 2.0 SHOES RUNNING,sesuai dgn nama besar nyaman kaki lebar saya ringan ukur sesuai dgn pandu mantap eiger
EIGER TRATTINO LOW SOCKS - Grey,sesuai dgn nama besar beli sekali sama cloudrun
EIGER CROSSBODY 7 2.0 SLING BAG,sizenya pas sedang nggk terlalu besar kecil model kualitas udah nggk usah ditanyain lagi kalau eiger udah pasti the best
EIGER WHITNEY WATCH MOUNTAINEERING,model bagus pas pakai admin responsif kirim cepat mantull
EIGER CERVUS WAIST BAG,ganti yg pensiun telah pengabdianya lama tahun
EIGER COMMANDO METAL 1.0 CAP,kualitas barang ok produk original harga sahabat cocok giat hari hari
EIGER CAYMAN LITE MID CUT SHOES,ok bintang
EIGER ROOKIE DIGITAL POUCH,mantaap recommended dah pokok proses cepat kirim cepat
EIGER RANGER CAP TACTICAL,ada ulas
EIGER WS VALOR TREKKING POLE 1.0,ada ulas
EIGER ROADTRIP TRAVEL POUCH 3L,layan cepat pengirimman ok lah
EIGER WANDERHAUL SHOULDER 5L,sesuai deskripsi
EIGER RIBS TRANS CARGO SHORTS,paket terima aman min sesuai pesan deskripsi barang pas badan bagus
EIGER X-COMPRESSION LOW SOCKS,paket terima aman min sesuai pesan deskripsi barang bagus
EIGER HIDDEN BALACLAVA RIDING,fitting oke bikin saya lebih adem helm akhir saya hirup semua debu cara seluruh bagus terima kasih banyak saya sudah pesan dua
EIGER CONSERVE 2.0 WAIST BAG,mantaap seller fast respond delivery tas bagus ada garansi thanks ya gan
EIGER X-PARNASSUS WALLET MOUNTAINEERING,barang bagus kualitas oke kirim cepat kemas aman
EIGER CENTOURY WALLET RIDING,barang original n kirim cepat bahan bagus packing aman bgt
EIGER X-ATACAMA RAYO SOCKS,mantabb kerenn
EIGER BALLISTIC SHOELACES,tali sepatu eiger moga awet selalu
EIGER ARROW SHOELACES TALI SEPATU,tali sepatu eiger moga awet selalu
EIGER VERTMOUNTRIDE TEES KAOS,ada ulas
EIGER TOURER WANDER 1.1 22L 1A LAPTOP BACKPACK,kirim cepat seller fast respon terimakasih
EIGER LEG PACK S MIGRATE 1989,kirim cepat seller fast respon terimakasih
EIGER CALDERA PINCH 2.0 SANDALS,ok sip
EIGER WITHSTAND 1.0 BELT IKAT PINGGANG,model bagus bahan sesuai moga bisa awet buat depan
EIGER X-ATACAMA RAYO SOCKS,mantap nyaman
EIGER TOMAHAWK ROLL STRAP PATTERN 2 SANDALS,kualitas bagus cocok buat medan batu pasir agak lumpur
EIGER SQUADRON 1.0 RAIN SUIT,kualitas barang bagus namun blm uji tahan kak kirim packing aman overall ok
EIGER WANDERHAUL TRAVEL POUCH,the best poko ada harga ada kualitas
EIGER CUSCO PINCH SANDALS - Grey,bagus barang nya mantap sukses buat toko
EIGER TOURER 2.0 SHOULDER 1A,bahan ringan jahit rapih kuat warna lebih hijau bagi ada kompartemen nya
EIGER KIGALI SHOES,kirim sepatu jamur cuma pakai karet jd tdk bisa buka lebar kaki susah masuk
EIGER CLUTCH 1.0 WAIST BAG,sesuai mantap
EIGER X - DUAL PATCH CAPS,produk sesuai deskripsi sudah terima baik
EIGER VISAYAS MEN SANDALS NEW COLOR,originall uda pasti dongg
EIGER JR MOORLAND ACTIVE PANTS,pas banget jadi klau beli mending ukur yg lebih besar dikit biar bisa buat jangka panjang tahun kayak udah congklang
EIGER JR MOORLAND KNIT GLOVES,pas banget ntuk anak anak
EIGER BONNY WS GLOVES MOUNTAINEERING,pas lembut banget
EIGER DAILY RIDING GLOVES FULL 1.0,sesuai pesan ukur pas jahit rapih cocok buat hari
EIGER KALAMANTARA BLK BORNEO F1 SHIRT,mantap barang ori kirim cepat moga awet
EIGER IMMIGRATE 25 BACKPACK,barang ori cepat sampai sukses buat seller
EIGER X-ROADTRIP 2.0 TISSUE CASE,oke sip top jos mantap keren bagus rapi kuat bersih cepat aman
EIGER X-CORDYLINE WALLET 1.0,oke sip top jos mantap keren bagus rapi kuat bersih cepat aman
EIGER KINKAJOU 3.5 SANDALS,ada ulas
EIGER SEAWAY POUCH LANDSCAPE 1A,barang cepet sampai
EIGER KINKAJOU PINCH 2.0 SANDALS,gila bener cepet x sampai
EIGER MIST FOREST 1.1 WALLET,bagus upgrade dompet tahun wkwkw jasa kurir sama aplikasi tokped parahh jeleekk banyak bugg informasi jejak paket kurang jelas
EIGER THERNO TAC 1.0 BOTTLE,kualitas okeh kirim okeh
EIGER HAZRA CUP MOUNTAINEERING,kualitas okeh kirim okeh
EIGER ENAMEL MUG 3.0 NEW COLOR,kualitas okeh kirim okeh
EIGER WS VOODOO 1.0 BOTTLE,kualitas okeh kirim okeh
EIGER CAYMAN LITE MID CUT SHOES,kirim cepet banget pesan malam besok sore udah sampe packing nya bagus puas belanja sini
EIGER AXESS 20L BACKPACK MOUNTAINEERING,jasa kirim tolong layan kirim baik lagi lama banget kirim seller responsif cuma kurang suka sama jasa kirim ajah lam
EIGER GEOMETRICA SHORT WALLET,keren original pnya
EIGER X CALM TEES,fast respon kirim lama sesuai estimasi barang sesuai hatur nuhun gpp saya kasih bintang
EIGER WASUR NAT PARK SS TEES,ada ulas
EIGER LEZERNO POLO SS,eiger pernah gagal
EIGER UNION PAISLAY 1.1 BANDANA,barang sudah terima terima kasih
EIGER CRUISER 3.0 LAPTOP 18L 1A BACKPACK,barang sesuai gambar
EIGER GEOMETRICA SHORT WALLET,model keren simpel
EIGER X PACHUCA JACKET,baguuss bangett produk sesuai gambar
EIGER TINAJANI BUCKETHAT REVERSIBLE,baguuss bangett produk sesuai gambar
EIGER WOMEN MONTANA WATCH,baguuss bangett produk sesuai gambar jam tangan fungsi
EIGER BALAVU 1.0 WATER BOTTLE,barang sesuai pesan packagingnya mantap thx
EIGER ENAMEL MUG 3.0 NEW COLOR,kualitas barang ny bagus kuat kirim cepat mantabss
EIGER PTS ENAMEL 2.0 CUP LIFESTYLE,kualitas gelas kuat kirim cepat mantabss
EIGER GEOMETRICA SHORT WALLET,saya bagi yg ada sedikit cacat jahit
EIGER KANAWA WAIST BAG MOUNTAINEERING,paket sudah sampai terima kasih
EIGER IGUAZU CUP LIFESTYLE,mug kualitas ngopi jadi makin mantap
EIGER Z-KANE WATER BOTTLE BLUE,bagus euihh warna mantap biru cepat kirim
EIGER CANVAS HORIZONTAL 1.2 WALLET,ukur dompet terlalu kecil kalau banyak isi banyak kartu dompet mau tutup sempurna saya bgt padahal desa sudah bagus
EIGER CLUTCH 1.0 WAIST BAG,mantap barang sampai selamat terima kasih
EIGER C.RIPS C089,naik ukur supaya ok
EIGER LINVILLE WATCH LIFESTYLE,paket sesuai pesan mantap trimakasih
EIGER X-SPARK PLUG 1.0 WAIST BAG,puas sama barang sesuai sama yg harap terlalu besar terlalu kecil design nya ok simple keren cuma pengirimanya lama hari baru sampai bias
EIGER MOZAMBIQUE WS SANDALS,sandal ringan ukur pas panjang telapak kaki cm tampak manis saat pakai layan langgan cepat tanggap tanya
EIGER BISKRA SHOES,kualitas barang usah ragu lagi reseller fast respon rekomen banget
EIGER FORLOUGH 20 LAPTOP BACKPACK,ada ulas
EIGER GEOMETRICA SHORT WALLET,pesan terima dlm ada baik kualitas ok sesuai harga moga awet
EIGER WANDERHAUL BEANIE LIFESTYLE,mantab barang sesuai kirim cepat
EIGER X-COUGAR LOW SOCKS MOUNTAINEERING,good job
EIGER ROADWAY 12L BACKPACK,barang masih segel waktu sampai ada garansi resmi fungsi baik kualitas barang original pasti top
EIGER CAYMAN LITE MID CUT SHOES,keren sesuai dg deskripsi size pas banget kaki hrs pakai kaos kaki tipias n longgar tali baru enak ideal size ovel all cayman lite keren m
EIGER NATIVO TRUCKER CAP LIFESTYLE,paket sesuai produk bagus kirim cepat tks
EIGER GOTLANDER 2IN1 MULTI JACKET,product baik original kirim kilat seller baik
EIGER HELICON WATCH MOUNTAINEERING,alhamdulillah barang udah sampai mantap trima kasih
EIGER VERSAPACK MODULAR BACKPACK 25L,tas keren parah original packing rapih recommended product and seller
EIGER WS VALOR TREKKING POLE 1.0,ringan moga kuat
EIGER WANDERHAUL TOILETRY KIT,oke top sip jos mantap keren bagus rapi bersih wangi adem lembut kuat tebal cepat sesuai terima kasih
EIGER UNIVERSAL SOLDIER 1.0 CAP,oke top sip jos mantap keren bagus rapi bersih wangi adem lembut kuat tebal cepat sesuai terima kasih
EIGER JOURNAL 2.0 DOPP KIT,oke top sip jos mantap keren bagus rapi bersih wangi adem lembut kuat tebal cepat sesuai terima kasih
EIGER 12S.0091 TRUCKER CAP 1.0,oke top sip jos mantap keren bagus rapi bersih wangi adem lembut kuat tebal cepat sesuai terima kasih
EIGER CUSCO ROLL STRAP SANDALS - Terracotta,empuk nyaman harga ok buat bagi bawah keras moga aman grip proses kirim cepat manteb nice produk
EIGER MANDEVILLA BRACELET,ada ulas
EIGER RECKON 25 ECO 1.0 LAPTOP BACKPACK,keren barang mantap kualitas kirim cepat
EIGER 12S.0091 TRUCKER CAP 1.0,ada ulas
EIGER GEOMETRICA SHORT WALLET,bahan bagus model keren jahit rapih original eiger pasti
EIGER KINKAJOU ROLL STRAP 2.0 SANDALS,sip sesuai gambar sendal eiger emang mantab
EIGER WANDERFURTHER BACKPACK 23L,packing rapih tas bagus sesuai gambar ada cacat telah check cakep dah
EIGER 12S.0091 TRUCKER CAP 1.0,respon jual cepat kurir agak lama barang kualitas
EIGER COMPACT 1.0 DAYPACK,tas mantaap
EIGER TOMAHAWK ROLL STRAP PATTERN 2 SANDALS,outlate sampah kirim sesuai waktu admin tele tele
EIGER TOMAHAWK ROLL STRAP PATTERN 2 SANDALS,model keren kulaitas bagus nyaman pakai
EIGER KINKAJOU PINCH 4.0 SANDALS - Terracotta,proses cepat
EIGER X-JOURNAL POUCH 3WAY 1A,barang bagus
EIGER REVEAL 25 LAPTOP BACKPACK,barang bagus
EIGER KINKAJOU PINCH 2.0 SANDALS,bagus nyaman dipake kwalitas ok seller amanah beli yg sekian kali selalu puas
EIGER BRAC HASP KRAIT 1989 1.0 BRACELET,gelang dua dri eiger tahun yg lalu pernah beli awet banget susah lepas harus potong
EIGER ESCAPADE 20 BACKPACK,mantap sesuai pesan biarpun gak pakai lapis plastik eiger nya saran kasih dong stiker eiger buat langgan
EIGER COVERBAG S,good response time good delivery time good products good packaging thank you
EIGER TREKKER 2.0 SOCKS,sip pesan sampai beli ada baik packaging aman ada salah kirim item variasi produk sesuai ekspektasi pas sesuai ukur kaki
EIGER HOLDERIDE LEATHER WALLET,ada ulas
EIGER PROVO WATCH,ada ulas
EIGER RATTLER 1.0 1F WAIST BAG,barang sdh sampai sesuai deskripsi thx seller n kurir
EIGER DEFEND BELT IKAT PINGGANG,ada harga ada rupa good product n services
EIGER DRAGONFLY 2.1 SUNGLASSES,packing aman kardus barang sesuai deskripsi mantap buat outdoor olahraga
EIGER ROOKIE LEG BAG 3L,barang bagus fast response recommended seller
EIGER RAINTOUR S-G SUNGLASSES,model keren barang bagus kualitas jamin keren ok
EIGER MARMOSET 10 1.0 BACKPACK,kualitas lumayan cukup padan harga cocok pakai giat hiking ringan perlu bawa banyak alat
EIGER AZIMUTH BEANIES,bahan bagus hangat cocok utk udara dingin
EIGER WOMEN PACCHANTA PINCH SANDALS - Blue,paling suka seller yg gercep lsg cus kirim smpe nunggu lama mantapp
EIGER BRAC HASP KRAIT 1989 1.0 BRACELET,model keren packing rapih banget warna keren
EIGER PHALANGER 35 WS CARRIER,ada ulas
EIGER BELT NAVIGATOR 1.0,proses cepat packing rapi
EIGER DAILY RIDING GLOVE HALF 1.0,ada ulas
EIGER COVERBAG S,kualitas produk eiger emg pernah gagal buat kita puas
EIGER CUSCO PINCH SANDALS - Grey,packing aman barang original mantap
EIGER BOMBYX 18 NG BACKPACK,eiger si emang usah diraguin lagi kereen
EIGER REVEAL 25 LAPTOP BACKPACK,bagus bahan cuma padding bawah g ada n buat yg bawa laptop gede bisa pake soft case packaging baik kirim cepat
EIGER KAVERY 1.0 SHOES - Olive,pas mantap
EIGER REXON RAINSUIT 2.0,produk kirim sesuai deskripsi good packaging
EIGER UJUNG KULON NATIONAL PARK TEES,mantap dah sesuai barang nya ragu
EIGER LEGERITY POLO SHIRT,sesuai pesan terima kasih
EIGER AZTEC TRIFOLD 1.0 WALLET,barang sudah terima kondisi baik sesuai pesan
EIGER VOODOO WATER BOTTLE,gak perlu ragu lagi lah kalo kualitas eiger moga terus tahan kirim baik aman barang benar benar jaga puas terima
EIGER WS SELFOSS 1.0 BOTTLE,warna cakep nyata gendut material ok ml gede mgkn krn tebel
EIGER KINKAJOU ROLL STRAP 2.0 SANDALS,model keren moga awet tahan lama
EIGER YACARE SHOES - Dark Brown,ukur pas model baguzz bahan oke nyaman pakai biasa kualitas eiger
EIGER CROVER 1.0 WAISTBELT,rapi material asa kuat cm warna lbh terang dr iklan but still good order proses cepat mantap
EIGER CAMPRI WAIST 6L,bagus banget bisa muat banyak barang warna olive nya keren proses kirim cepat sampai lebih awal dr estimasi
EIGER ROLLICK. SUNGLASSES,barang ok harga ok kirim cepat puas sm layan barang terima kasih yaa
EIGER HELICON WATCH,kata ayang jam bagus banget dapat strap cadang dia happy b day giftnya
EIGER GRAPNEL WAIST BAG 1A,yes sudah darat barang terima kasih banyak admin hehehe mantap admin yg baik ramah sopan santun serta fast respone sukses selalu mas admi
EIGER LORENZT 25 1.0 LAPTOP BACKPACK,barang terima sesuai deskripsi
EIGER KINKAJOU PINCH 4.0 SANDALS - Grey,barang bagus sesuai deskripsi nya thanks
EIGER CUSCO PINCH SANDALS - Olive,kurang yakin ori apa ngga
EIGER T.12C-6048 BASEBALL CAP,terimakasih paket sudah terima wah sen kmrin sore pagi nya sudah dtng the best buat seller
EIGER HANG ON WALLET NEW COLOR,kan bintang bicara
EIGER DESCENT 25 LAPTOP BACKPACK,meski bahan kain agak tipis banding tipe yg mirip waktu pertama beli th lalu yakin kualitas eiger tdk perlu ragu dpt harga ekonomis jadi lebih e
EIGER CLASSIC BELT 01 1.0 BLACK,model bagus pas panjang enak dipake
EIGER KINKAJOU PINCH 2.0 SANDALS,moga awet
EIGER NATIVO TRUCKER CAP,emas lama
EIGER MF HEADWEAR CLIMBING TOOL BANDANA,beli lg yg kemarin sama spt kabur paly oper bandung kota wkwkwkwk ngebuut sii tuku teh barang keren
EIGER LUVA DE MONTAGE FULL GLOVES,barang sesuai pesan packing aman rapih
EIGER WS VALOR TREKKING POLE 1.0,packaging baik barang kirim cacat
EIGER X-GONIO 03 TRAVEL POUCH,barang qualitasnya bagus jual grecep paling penting kurir antar cuman hr sdh nyampe rumah padahal lintas laut
EIGER COVERBAG XL,ukur pas dgn ransel saya
EIGER X-FLORENCE WALLET,model keren bahan bagus bintang pokok
EIGER KINKAJOU ROLL 3.0 SANDALS,pesan cepat datang barang oke moga awet
EIGER D.THRONER 1.0 WALLET,terima kasih banyak
EIGER SPEKE BOOTS LIFESTYLE,eiger memang gak pernah gagal keren sepatu ngak ngira ringan sepatu cocok buat hari
EIGER GEOMETRICA SHORT WALLET,model bagus
EIGER 12S.0091 TRUCKER CAP 1.0,oke sip pokok ukur l oke nyaman enak
EIGER MAKALU KEYCHAIN,barang sudah terima baik cepat tqq
EIGER TIBETAN SOCKS,barang sudah terima baik cepat tqq
EIGER HIGHWAY 15L 2.0 BACKPACK,mantap pokok ana senang
EIGER LORENZT 25 1.0 LAPTOP BACKPACK,pesan sudah sampai terimakasih banyak
EIGER MISSIVE WATCH DIGITAL,ganteng bgd warna suka lah the best
EIGER X-SCAWBY VERTICAL 2.0 PHONE CASE,barang bagus terima kasih banyak
EIGER MEN'S ESCRAPMENT XTR LS F1 SHIRT,mantap makasih eiger
EIGER WANDERHAUL SHOULDER 5L,alhamdulillah dah sampai n selalu puas sm eiger
EIGER COMMANDO METAL 1.0 CAP,keren sesuai pesan udah pernah punya akan kembali jadi topi andal
EIGER WS LUCILE STRIPE WATCH,ukur pas cocok buat cewek bagus mdh an tahan deskripsi ada tambahn strap gak ada cuma baterai
EIGER T.12C-6048 BASEBALL CAP,topi nya bagus ukur nya pas sama kepala saya bahan bagus
EIGER DAILY RIDING GLOVES FULL 1.0,mantaapp kualitas wahid seller cepat
EIGER FLECKEN HAT 1.0,alhamdulillah barang sdh sampai blm coba karena masih luar kota
EIGER BENTAYAN FLANNEL SHIRT,bagus cocok pakai hari hari
EIGER WHITNEY WATCH,ukur pas walaupun nyangka kecil masih oke packingnya super bagus aman kirim yg cukup cepat
EIGER X-CRUISAGE CANVAS 20L 1A LAPTOP BACKPACK,original puas
EIGER VOODOO WATER BOTTLE,kerenn nn
EIGER STRENUOUS WINDPROOF JACKET,bagus bahan bagus model bagus warna bagus semua bagus terima kasih maju terus pantang mundur
EIGER SAVATRA WATCH,keren cakep jam nya
EIGER MANDEVILLA BRACELET,model bagus sesuai display kirim sampai sesuai waktu janji mudah pakai
EIGER LEOPARD SHOES MOUNTAINEERING - Grey,mantap sesuai brandnya ya gak pernah kecewa
EIGER ALCOVE 20 BACKPACK,ada ulas
EIGER HAT INFANTRY,kualitas lumayan lah moga awet barokah aamiin
EIGER CLIFTON SHOES,barang sampai sesuai pesan trimakasih bantu proses kirim respon baik admint jm luar biasa keren
EIGER COMMANDO CADET 1.0 CAP,sesuai pesan terimakasih seller
EIGER KINKAJOU PINCH 4.0 SANDALS - Olive,barang bagus packing bagus kirim lama baru sampai rumah
EIGER CERVUS WAIST BAG,benar bagus tas tetapinukurannya terlalu kecil
EIGER BLANFORD SOCKS,barang nya bagus original nyaman pakai kirim nya cepat
EIGER PROVO WATCH,jam nya sudah darat mulus kerenn ndak sia belanja toko
EIGER CLUTCH 1.0 WAIST BAG,barang sesuai skripsi kecil fungsional
EIGER FLACO ZIP WALLET,dompet sudah terima dgn baik sesuai dgn pesan terima kasih ka
EIGER BENTAYAN FLANNEL SHIRT,terima kasih tokopedia terima kasih jne terima kasih eiger barang sesuai ekspektasi
EIGER BALAVU 1.0 WATER BOTTLE,cakeep bener ringkas gampang bawa keren
EIGER CORE 15 LAPTOP BACKPACK,trimakasih telah kirim sesuai pesan
EIGER MOTION GLASSES,barang sesuai pesan terimakasih
EIGER STREAMLINE 45 CARRIER,ada ulas
EIGER RIMBA 2 IN 1 1.0 HAT,barang bagus original terima kasih
EIGER GRAPNEL WAIST BAG 1A,udh jadi langgan eiger yaa no comment thanks gan moga bisa beri lagi layan yg muas
EIGER WOMEN PACCHANTA PINCH SANDALS - Blue,keren nyaman pakai moga awet mksih seler
EIGER LUDISIA LOW WS SOCKS,barang sesuai pesan expire date masih lama seller responsif kirim tepat waktu
EIGER RUSH SHORT TR SOCKS,barang sesuai pesan expire date masih lama seller responsif kirim tepat waktu
EIGER DAILY RIDING GLOVE HALF 1.0,kirim toko cepat barang sudah sesuai pesan
EIGER COVERBAG S,ragu produk eiger bahan kualitas
EIGER LINVILLE WATCH,model bagus ada rusa
EIGER CUSCO PINCH SANDALS - Grey,sudah nyaman pakai sendal eiger enak kaki agak lebar
EIGER HAVASU WATER BOTTLE,barang sampe dng selamat jam aku isi air panas sampe pagi jam masih lumayan panas recomended
EIGER GEOMETRICA SHORT WALLET,bahan bagus jahit rapih packing aman
EIGER KINKAJOU PINCH 2.0 SANDALS,ukur sekarang emang kecil kah mungkin saran buat yg lain kalau beli ukur lebih
EIGER CRUISER 2.0 BACKPACK 25L,model bagus bahan tebal kompartemen cukup ukur cukup besar pas
EIGER STREAMLINE 45 CARRIER,sumpah tau lagi toko bikin emosi naik minta same day toko ngirim enak jidat gua batalin mau gua ngerasa rugi uang waktu gua udah buru beli store la
EIGER JUNIOR CALDERA ROLL STRAP 3.0 SANDALS - Grey,iram lama lewat batas estimasi yg tentu lebih eiger kecewa
EIGER HURRICANE SHORT SOCKS,bahan kualitas oke pas kaki seller amanah
EIGER PANONE RIDE GLOVES,sarung tangan bagus pertama kali beli sarung tangan online untung dapat ukur m sesuai banget tangan
EIGER SCAWBY VERTICAL PHONECASE 3.0,sesuai pesan packing aman bahan ok ragu lagi
EIGER T.FA374 MICRO FISH CAP 1.0 NAVY,bahan lumayan bagus meski agak tipis nyaman pakai bagi leher belakang samping bisa lindung sinar matahari kualitas packing perlu tingkat t
EIGER KINKAJOU PINCH 2.0 SANDALS,bahan kualitas nyaman pakai sol tebal sudah beberapa kali beli tipe awet
EIGER CLUTCH 1.0 WAIST BAG,masuk edisi tas pinggang paling keren kl turut kapasitas terlalu besar jg terlalu kecil kilas tampil depan kayak hand bag
EIGER QUESTER 2.0 XT PANTS F1,mantap celana
EIGER CRUISE WAYFARER SUNGLASSES,ringan banget design ok slim nyaman dipake
EIGER STRENUOUS WINDPROOF JACKET,pas tb bb bahan kualitas jahit rapi resleting mulus ykk lengkap strap stopper velcro sesuai bagi hoodie lengan p
EIGER VARSITY SHOULDER BAG 8L,enak banget isi bisa muat banyak
EIGER KINKAJOU PINCH 2.0 SANDALS,kualitas barang bagus sesuai deskripsi layan ok
EIGER KAVERY 1.0 SHOES - Olive,produk ok ukur yg kirim sesuai sepatu no debat emang eiger nii
EIGER BHARDEV PINCH SOLE OLIVE SANDALS,kirim cepat packing bagus kualitas barang bagus
EIGER WAIKAPU SANDALS,sesuai pesan
EIGER BISCOE-WAYFARER SUNGLASSES,bagus seperti biasa bikin kecewa
EIGER DEFEND BELT,seperti biasaa good
EIGER X-TOURCLASS BACKPACK 28L,keren dapat bonus tas
EIGER SERVAL LOW MEN SHOES,sepatu enak guna ringan bahan bagus lebih nomor sepatu daily naik gunung padahal mau yg warna satu ada size
EIGER KINGFISHER LITE 10 NEW COLOR BACKPACK,barang bagus kuat recomend seller
EIGER KIGALI SHOES,belum lancar beli kali no beli hari sabtu sameday jawab minggu bilang weekend gada kirim hri senin tagih kirim kirim b
EIGER MOAMBA MID CUT BOOTS,cerita alam kait barang
EIGER LORENZT 25 1.0 LAPTOP BACKPACK,barang sampai lebih target mantab
EIGER LACERTA WS SANDALS - Olive,sayq minta cancel malah kirim sama toko
EIGER HAVASU WATER BOTTLE,coba warna item pasti lebih gaharr
EIGER CHRYSLER 2.0 CROSS SLING BAG,barang sesuai deskripsi keren keren keren sudah ragu
EIGER Z-KANE WATER BOTTLE BLUE,material bagus moga awet
EIGER CORE 15 LAPTOP BACKPACK,barang sesuai order kualitas jangan ragu
EIGER WAGEN BACKPACK 25L,pakai produk eiger bikin kita tampil makin keren eksklusif kualitas kuat baik eiger sudah jamin
EIGER DESCENT 25 LAPTOP BACKPACK,keren kantong banyak bisa utk laptop buku bahan tebal
EIGER WALEETKA WALLET,baguss warna baguss recomended
EIGER WEEKENDER PACK 22L WS LAPTOP BACKPACK,pakai produk eiger bikin kita tampil makin keren eksklusif kualitas kuat baik eiger sudah jamin
EIGER X-PICK SMALL POUCH,nice keren lah pokok simple we
EIGER BASECAMP LITE 20 BACKPACK,ok datang sesuai pesan
EIGER WANDERA WAIST BAG,buat admin semprul paket sameday d krim besok nya sama bae reguler
EIGER WOMEN CHERRY LS TEES,barang bagus cm kirim luamaa
EIGER SENDER ARC 3.0 POUCH 1A,tas bagus material lihat kuat moga awet
EIGER ATTACK BDU JACKET TACTICAL,sesuai pesan deskripsi seller lapak tinggal bungkus saja deh jaket keren kantong banyak muat hp android agak gede mending daripada yg riding series
EIGER NEW RIDING GLOVE BASIC FULL,barang ok siap otw palestina buat jihad nasuha
EIGER MOUNT TRACK LANDSCAPE 1.0 WALLET,lumayan sesuai ekspektasi paksu yg lg mau beli dompet eiger jgn yg mahal proses kirim hari packing dus
EIGER X-NAMBILLO 1.0 CAP,model keren nyaman pakai terimakasih
EIGER BALAVU 1.0 WATER BOTTLE,ok barang aman original mantap
EIGER WANDERA WAIST BAG,model keren mantap
EIGER ALVERSTONE WATCH,modelny bagus ringan pas tang
EIGER BALAVU 1.0 WATER BOTTLE,material kualitas bagus kirim cepat terima kasih eiger adventure
EIGER WS SWIFT SS TEES,kaos pas warna sesuai kirim cepat h paket daj rmh matap
EIGER DAILY RIDING GLOVE COMBINE 1.0,akhir restock lagi yg cari
EIGER REVEAL 25 LAPTOP BACKPACK,kualitas barang bagus cepat sampai masuk kemas packingnya kalau bisa jangan hanya plastik hitam saja agar konsumen lebih yakin kualitas barangn
EIGER MOONWALK REVERSIBLE 1.0 CAP,mohon maaf akibat ketidaktahuan saya sempat jadi kesalahapahaman cara material bahan bagus jahit kuat design keren seller responsif recommended seller
EIGER CONSERVE 2.0 WAIST BAG,model keren cukup oke dipake acara santai ruang simpan cukup besar bahan kuat tahan lama
EIGER WITHSTAND 1.0 BELT,bagus model kirim jg ok barang jahit rapi kuat
EIGER COVERBAG M,barang bagus
EIGER ENAMEL MUG 3.0 NEW COLOR,barang mantab kualitas ok packing baik cepat tepat
EIGER X-VOYAGE 1.0 SOCKS,produk ori packing delivery ok robot seller responsif tks gan
EIGER KINKAJOU ROLL STRAP 2.0 SANDALS,quakitas sendal joss kirim mantapss
EIGER DIARIO DIGI 25 2F LAPTOP BACKPACK,mka admin sama diskon platform free ongkir rb jadi sudah sampai sumatera barat
EIGER FORLOUGH 20 LAPTOP BACKPACK,good produk
EIGER COVERBAG S,ukur pas tas eiger l bahan bagus kualitas terima kasih seller tokped kurir moga makin sukses
EIGER TOPOGRAPHIC MAPS T-SHIRT,bahan ny tipis tembus pandang
EIGER COMMANDO METAL 1.0 CAP,bahan lumayan tebel penegeriminan cepat
EIGER COMMANDO METAL 1.0 CAP,barang bagus original eiger bahan tebal
EIGER MARMOSET 10 1.0 BACKPACK,beli pas harga normal rugi banding merk quechua ikea eiger fitur lebi ada kompartemen tambah utk barang kecil bahan beda lapis bus
EIGER ASCENDA POUCH,sesuai pesan tanpa ragu langsung order
EIGER VOODOO WATER BOTTLE,mantap moga eiger selalu komitmen jaga lestari alam alih fungsi lahan hijau utama hutan
EIGER COVERBAG XL,mantap rain covernya sesuai deskripsi the best pis
EIGER R.LT 14 MERIDIAN 30 LAPTOP BACKPACK,produk sesuai deskripsi foto varian tas pes model cukup tampung bagai butuh pergi baik traveling kerja lain emas
EIGER CLASSIC BELT 01 1.0 BLACK,produk eiger ragu lagi kualitas banding harga terimakasih eiger selalu jadi pilih produk outdoor selalu maju kembang
EIGER AANVAL COMBAT SHIRT LS,kirim cepat barang bagus
EIGER PANONE RIDE GLOVES,material bagus ukur pas moga awet
EIGER TOPOGRAPHIC MAPS T-SHIRT,kurang responsip
EIGER ALTINGIA EXCELSA SHORT WALLET,barang original eiger harga jangkau awet berkealitas sudah pakai tahun tahun baru rusak
EIGER REVEAL 25 LAPTOP BACKPACK,model keren
EIGER CORREDOR CAP,ada ulas
EIGER X-TOURCLASS BACKPACK 28L,cepat datang bagus banget tas tadi saya akan pilih tas yg salah pilih tas bagus pas pergi yg ter
EIGER X-NYIMPHAEA 25 WOMAN LAPTOP BACKPACK,bagus banget gede kantong nya banyak kereen banget aku sukaa barang kualitas dapet harga diskon love love eiger
EIGER IMMIGRATE 25 BACKPACK,barang bagus kualitas ok
EIGER TOMAHAWK ROLL STRAP PATTERN 2 SANDALS,ukur pas nyaman kaki bahan kuat desain bagus moga awet mau pakai naik gunung
EIGER COVERBAG XL,bahan perlu ragu lagi kirim cepat ukur pas carrierku ukur l
EIGER FLECKEN LANDSCAPE WALLET,mantap min buawahannya bagus jaitan rapi seng penting puas dehh makasii eiger dah selalu nemenin
EIGER ROLLICK. SUNGLASSES,barang sesuai yg pes recommended seller
EIGER HAT INFANTRY,model keren pas kepala mantabs
EIGER TOMAHAWK ROLL STRAP PATTERN 2 SANDALS,brand lokal yg dunia kualitas ragu karena dekat cepat pesan pagi sore sampai
EIGER TROCADERO AZTECA 2.0 SANDALS,ada ulas
EIGER WANDERFURTHER MULTI SACOCHE SHOULDER BAG,mantaap selalu eiger
EIGER 12S.0091 TRUCKER CAP 1.0,bahan tebal pangkal lidah bagi ujung agak rasa keras lingkar kepala depan ukur m l bisa melar karena ada karet nyata bukan buat lokal
EIGER LINVILLE WATCH,produk eiger buat kita makin keren percaya diri kualitas baik brand lokal baik
EIGER HAAST SUNGLASSES,model keren nyaman pakai seller ramah packing aman kirim ok
EIGER VOODOO WATER BOTTLE,kirim mantab dus aman gak cacat kualitas kokoh mudah an awet
EIGER TOURER WANDER 1.1 22L 1A LAPTOP BACKPACK,pakai tas eiger buat makin percaya diri karena kualitas baik eiger kuat mantab
EIGER WAGEN BACKPACK 25L,pakai tas eiger buat makin percaya diri karena kualitas baik eiger kuat mantab
EIGER PIRANHA 1.0 SHOES,terima kasih barang sampai tepat waktu kualitas barang sesuai deskripsi
EIGER VISAYAS MEN SANDALS NEW COLOR,model bahas bagus
EIGER MACACA 12 1.1 BACKPACK,kecil kecil sicabe rawit biar kecil fungsional loh mantap cocok buat bawa barang perlu
EIGER TOURER WANDER 1.1 22L 1A LAPTOP BACKPACK,keren model dipakenya enak muat banyak worthed lah pokok
EIGER ASCENDING 1.0 CAP,produk bagus kirim cepat sudah pasti original
EIGER MIST FOREST 1.1 WALLET,moga awet
EIGER KINGFISHER LITE 10 NEW COLOR BACKPACK,kualitas okee moga tahan lama kuat bahan
EIGER IMMIGRATE 25 BACKPACK,repeat order beli eiger kualitas bagus moga awet pakai
EIGER CHRYSLER 2.0 CROSS SLING BAG,barang sesuai iklan kirim jg kilat material terlalu tebal berat sehingga asa enteng desain utk selempang bahu kiri ukur jg cukup besar terima
EIGER ROOKIE DIGITAL POUCH,barang kualitas bagus dgn bahan kualitas nyaman utk naro barang barang bagasi motor
EIGER FORLOUGH 18 BACKPACK,proses cepat
EIGER X-SPARK PLUG 1.0 WAIST BAG,rumben packing pake dus tokped biasa khusus plastik kresek dr eigernya ok sesuai pesan original moga awet
EIGER GALS COIN WALLET,gak sangka warna nya bagus banget
EIGER ALTINGIA EXCELSA SHORT WALLET,good and simple
EIGER IMMIGRATE 25 BACKPACK,resleting bukan anti air
EIGER IMMIGRATE 25 BACKPACK,sesuai pesan suka sama warna moga awet terima kasih seller kapan kapan belanja lagi sini
EIGER STRIKE BEANIE,seller responsive brg sesuai pesan pas pakai kirim cepat
EIGER PEDAUH WINDPROOF JACKET,saya tinggi berat kg cukup ukur l masih agak longgar kalau m masih masuk ngepas bahan enak pakai buat motor overall good recommend seller
EIGER IMMIGRATE 25 BACKPACK,mantap n cepat sampai terimakasih brg ok semua ok jual kirim semua ok cepat
EIGER DAILY RIDING GLOVES FULL 1.0,ukur pas bahan tebel bisa buat touch hp mantep
EIGER WAIST BAG MEDIUM 3A,terimah kasih barang sudah smpai model keren banget bagus sesuai deskripsi hanya kemarin promonya minimal beli barang
EIGER CONSERVE 2.0 WAIST BAG,bagus kualitas moga awet
EIGER COMMANDO METAL 1.0 CAP,ukur l lumayan longgar bahan lumayan tipis
EIGER GHIBLI 1.0 BACKPACK,pas buat anak sd moga awet
EIGER CROVER 1.0 WAISTBELT,bahan bagus pas
EIGER WANDERHAUL SHOULDER 5L,barang sudah terima sesuai pesan ya min terimakasih
EIGER X-NAMBILLO 1.0 CAP,ada ulas
EIGER ACRYLIC 133302 BEANIES,good produk
EIGER ETHNO WALLET BIFOLD,ada ulas
EIGER SPEKE BOOTS LIFESTYLE,barang sesuai gambar deskripsi model keren bahan kulit bukan yg crazy horse halus agak kasar ringan pakai
EIGER MANDEVILLA BRACELET,model keren ukur pas nyaman pakai kirim on time
EIGER R.LT 14 MERIDIAN 30 LAPTOP BACKPACK,mantap barang okee
EIGER ALVERSTONE WATCH,kerenn bos sesuai harap
EIGER RAINTOUR 3L WS WAIST BAG,barang sesuai pesan
EIGER LINVILLE WATCH,kirim cepatt tepat waktu jamin original dapat batrai cadang tali mantaabb
EIGER LORENTZ NAT PARK SS TEES,bagus moga seri taman nasional yg lain direstok lg utama sz m
EIGER TN KEP SERIBU SS TEES,bagus moga seri taman nasional yg lain direstok lg utama sz m
EIGER WASUR NAT PARK SS TEES,bagus moga seri taman nasional yg lain direstok lg utama sz m
EIGER WAIST BAG MEDIUM 3A,bagus sesuai deskripsi
EIGER X-TOURCLASS BACKPACK 28L,bagus cuman masalah kirim terlalu lama estimasi waktu
EIGER GRASSLAND NR 1.0 CAP,jelas produk asli original pakai nyaman sesuai spesifikasi jelas gamblang packing nya rapi aman admin ramah responsif kurir amanah sup
EIGER WAIST BAG MEDIUM 3A,terimakasih kak warna nya lucu mesan sesuai
EIGER CLOUDRUN 2.0 SHOES,eiger mah jamin kwalitas jaman daki flanel salam lestari
EIGER BRAC HASP KRAIT 1989 1.0 BRACELET,model keren warna bagus pas bagus pakai
EIGER WANDERHAUL SHOULDER 5L,modal suka layan kirim cepat puas gak bisa upload foto
EIGER KINKAJOU PINCH 4.0 SANDALS - Terracotta,nyaman pas pakai kualitas baik lihat kokoh moga bisa tahan lama
EIGER Z- MUIZENBERG MEN BP SANDALS - Black,moga awet
EIGER NEOGA WALLET,packing standart produk sesuai deskripsi thx
EIGER R.LT 14 MERIDIAN 30 LAPTOP BACKPACK,barang original
EIGER R.LT 14 MERIDIAN 30 LAPTOP BACKPACK,original harga murah kualitas oke
EIGER SENDER SHOULDER BAG 1.1,ada ulas
EIGER TOURER WANDER 1.1 22L 1A LAPTOP BACKPACK,model keren warna bagus
EIGER CLOUDRUN 2.0 SHOES,aman ukur pas
EIGER BUNAKEN NATIONAL PARK TEES,bahan nya adem enak pakai
EIGER VOODOO WATER BOTTLE,botol bagus buat anak sekolah bisa
EIGER KINKAJOU PINCH 2.0 SANDALS,sendal andal pernah beli ganti karena rusak beli karena sendal hilang
EIGER X-WANDERPATH SHOULDER 10L 1A,alhamdulillaah sesuai sen kirim cepat thx eiger
EIGER MACACA S10 SHOULDER BAG,model bagus kirim cepat mantapp
EIGER STARTER DAYPACK 16L,bahan lumayan tebel desain simpel namun banyak kantong luar samping dlam tas barag cepat sampai trima kasih
EIGER WAIST BAG MEDIUM 3A,model bagus kualitas bahan bagus ukur medium
EIGER LINVILLE WATCH,barang gurih
EIGER GEOMETRICA SHORT WALLET,bahan bagus kualitas ok ukur desain kantong pas sesuai butuh
EIGER PANONE RIDE GLOVES,kualitas ok detail bagus nyaman guna
OSPREY AOEDE AIRSPEED BACKPACK 20,akhir osprey dapat diskon gede nyata tas nya ringan banget material kokoh ada kickstand nya jg muat nya gede terang nya l surp
EIGER BASE SHOULDER BAG,mantaap g pernah ngecewain terima kasih
EIGER REVEAL 25 LAPTOP BACKPACK,mantapp sesuai ekspetasi
EIGER CORREDOR CAP,cocok jogging mantab
OSPREY HERITAGE SIMPLEX F21 BACKPACK,barang juta packing hela plastik komplain jawab apa pengaruh fungsi ahah admin bolong plastik cuma helai
EIGER EXPLORE INDONESIA 500ML BOTTLE,barang sesuai pesan fungsi baik packing rapi sukses selalu
EIGER KINKAJOU ROLL STRAP 2.0 SANDALS,keren eiger memang ragu lembut ringan
EIGER ALVERSTONE WATCH,baguss bangett jamnyaa dapett hargaa murahh
EIGER JOURNAL SACOCHE BAG,kerenn build quality dragukan lagi
EIGER KANCHENJUNGA BEANIE,kirim cepat packing rapi aman sesuai deskripsi bahan tebal makasih
EIGER X-HILLFRONTER PACK 25L LAPTOP BACKPACK,ada ulas
EIGER WOMEN FLUX TOTEBAG BACKPACK,ada ulas
EIGER CAYMAN LITE MID CUT SHOES,mantap eiger barang bagus harga murah paking aman kirim cepat joss
EIGER R.LT 14 MERIDIAN 30 LAPTOP BACKPACK,selesai pilih utk guna produk eiger tas datang tepat waktu produk eiger usah ragu lagi alhamdulilah dapat harga murah saat diskon moga awet ta
EIGER BLANCA-MDW WATCH,kwalitas jam eiger ok keren packingnya aman bgt
EIGER KARLSKOGA WATCH,jam nya mantapp keren kualitas eiger packing aman bgt
EIGER MACACA 12 1.1 BACKPACK,kualitas lumayan
EIGER D.THRONER 1.0 WALLET,selalu keren deh kalo merk mah
EIGER R.LT 14 MERIDIAN 30 LAPTOP BACKPACK,tas bintang keren packingnya parah cuma lap kantong kresek item doank tanpa tambah kam lain klo jadi rusa saat ekspedisi apakah tok
EIGER REXON RAINSUIT 2.0,bahan oke banget moga awet
EIGER KINKAJOU PINCH 3.0 SANDALS,oke gas oke gas tambah dua torang gas
EIGER IMMIGRATE 25 BACKPACK,material bagus jahit rapi paading kompartemen laptop cukup tebal tas vol l tanpa rain cover utk harga rb promo cukup mahal lah
EIGER CONSERVE 2.0 WAIST BAG,mantapp kirim cepat ya top
EIGER CORREDOR CAP,sise l nya besr
EIGER ESTRELA WAIST BAG,barang joss kualitas baik
EIGER PIRANHA 1.0 SHOES,gokilss sen kemarin sore siang udh sampe nyata sepatu ringann nyaman pas
EIGER NORTHWALL 2.0 CAP TOPI,topi nya bagus ukur sesuai perfect lah buat nambahi koleksi sudah langgan lama eigerstore sukses selalu eiger
EIGER KINKAJOU ROLL STRAP 2.0 SANDALS,barang sudah datang tepat waktu moga hasil nya muas kan
EIGER LORENZT 25 1.0 LAPTOP BACKPACK,tas bagus kirim cepat mantab pokokngya
EIGER IMMIGRATE 25 BACKPACK,bagus ukur pas g kecil g gedhe mudah an awet
EIGER CALDERA PINCH 2.0 SANDALS,ada ulas
EIGER R.LT 14 MERIDIAN 30 LAPTOP BACKPACK,ada ulas
EIGER BLANCA-MDW WATCH,sesuai pesan dapat strap cadanggan
EIGER LINVILLE WATCH,jam eiger bikin kita makin lihat keren tambah percaya diri karena kualitas eiger baik
EIGER TRAVERSE 23 1.0 BACKPACK,tas eiger bikin kita makin lihat keren tambah percaya diri karena kualitas eiger baik
EIGER R.LT 14 MERIDIAN 30 LAPTOP BACKPACK,barang mantab pis euy
EIGER R.LT 14 MERIDIAN 30 LAPTOP BACKPACK,telah drama kembali dana akhir kirim jugaa
EIGER ALCOVE 30 DUFFLE BAG,barang nya bagus
EIGER X-MANGROVE 1.0 HOODIE JACKET,sesuai pesan
EIGER CLASSHALL PACK 20L BACKPACK,barang original harga murah kualitas bagus bahan tebal recommended seller terimakasih toped
EIGER ESTRELA WAIST BAG,barang bagus pokok kualitas tas eiger udah bukti awet design bagus harga masuk murah ketimbang merk lain maju terus eiger
EIGER X-BEANICITY BEANIE,ukur pas warna sesuai harap kirim cepat
EIGER SCAWBY VERTICAL PHONECASE 3.0,tas mantab kurir cepet
EIGER WANDERFURTHER MULTI SACOCHE SHOULDER BAG,model kerenn tyt kecil hwuuaa
EIGER CORE 15 LAPTOP BACKPACK,model keren pas badan nyaman waktu
EIGER UNIVERSAL SOLDIER 1.0 CAP,barang terima sesuai pesan
EIGER WANDERFURTHER BACKPACK 23L,keren banget tas dapat harga diskon murah banget thanks tokped
EIGER BRIG SLIM WAIST R 1A WAIST BAG,ada ulas
EIGER ALVERSTONE WATCH,keren sesuai banget
EIGER WAIST BAG MEDIUM 3A,beli dua
EIGER 12S.0091 TRUCKER CAP 1.0,bagus model keren bahan oke nyaman pakai
EIGER REVEAL 18 LAPTOP BACKPACK,mantap dapet tas harga rb saja murah kualitas
EIGER VISAYAS MEN SANDALS NEW COLOR,ada ulas
EIGER PROVO WATCH NEW COLOR,barang bagus strap tambah kasih beda warna
EIGER NEW RIDING GLOVE BASIC FULL,sarung tangan bahan bagus percaya ya sama kualitas eiger kaleng
EIGER REVEAL 25 LAPTOP BACKPACK,gak perlu ragu
EIGER PORTLAND POUCH,mks admin sampai sumbar dgn selamat beli pas flas sale jadi cuma ribu
EIGER WANDERHAUL CABIN PACK,bahan oke desain mantap belum coba pakak moga awet
EIGER ATACA 4.1 WATCH,keren banget jam nya packaging jg aman kirim cepat
EIGER PROVO WATCH,model keren jual responsif recommended banget kecewa
EIGER BLANFORD SOCKS,packing aman tentu barang original eiger jumlah kirim type ukur sesuai pasang kwalitas bagus nyaman harga competitive kirim sameday mant
EIGER IMMIGRATE 25 BACKPACK,pesan sudah terima model sesuai terimakasih
EIGER TOURER WANDER 1.1 22L 1A LAPTOP BACKPACK,ragu kualitas eiger model keren awet tahan lama barang yg kirim sesuai pesan tengkyu recommended seller
EIGER PANONE RIDE GLOVES,kualitas bagus hanya kurang cocok jari panjang
EIGER WAIST BAG MEDIUM 3A,keren bangeet eiger gak ada lawan pokok
EIGER ROOKIE DIGITAL POUCH,kualitas bagus bahan bagus sesuai deskripsi kirim dgn cepat
EIGER TOURER WANDER 1.1 22L 1A LAPTOP BACKPACK,tas eiger akan tambah percaya diri karena brand kualitas yg baik bangga pakai produk asli indonesia keren
EIGER TOURER WANDER 1.1 22L 1A LAPTOP BACKPACK,tas eiger akan tambah percaya diri karena brand kualitas yg baik bangga pakai produk asli indonesia keren
EIGER IMMIGRATE 25 BACKPACK,tas eiger akan tambah percaya diri karena brand kualitas yg baik bangga pakai produk asli indonesia keren
EIGER PORTLAND POUCH,barang bagus
EIGER R.LT 14 MERIDIAN 30 LAPTOP BACKPACK,recomended seller respon cepat kirim cepat sampe jam paket sudah darat brand eiger selalu jadi langgan kwalitas bagus sejak anak saya s
EIGER NORTHWALL 2.0 CAP TOPI,soal kualitas sama proses kirim sudah ragu lagi memang baik cuman belum pernah dapet bonus padahal udah langgan kak hee
EIGER REVEAL 25 LAPTOP BACKPACK,barang bagus
EIGER WAIST BAG MEDIUM 3A,klo urus resleting memang ada dua nya
EIGER BASECAMP LITE 20 BACKPACK,brand outdoor tarung class
EIGER WS VANASEEKER SHORTS,eiger gapernah gagal bad ku
EIGER BHARDEV PINCH SOL NAVY SANDALS,model asik warna sesuai gambar ori
EIGER CORREDOR CAP,agak sedikit besar masih enak overall bagus
EIGER X-NAMBILLO 1.0 CAP,alhamdulillah pesan telah sampai topi eiger x nambillo black
EIGER CONSERVE 2.0 WAIST BAG,udah tau lah eiger mantapp
EIGER PROVO WATCH,model keren dipakenya nyaman banget
EIGER TRIGIONE TRAVEL POUCH,tas pouch kualitas eiger moga awet selalu
EIGER TROPIC TRIP 1.0 CAP,trimz paket terima baik sesuai ukur mantap
EIGER CALDERA PINCH 2.0 SANDALS,size sesuai kirim cepat
EIGER WAIKAPU SANDALS,pas sip mantap
EIGER WAIST BAG MEDIUM 3A,bahan tebal nyaman pas pakai model desa bagus kualitas produk ragu lagi mantap mewah kirim cepat terima kasih tokopedia
EIGER PORTLAND POUCH,kirim agak lama
EIGER QUIMPER JACKSHIRT,keren seperti biasa
EIGER J. WARMER MEN JACKET,harganyaa woww bahanya lembut banget ukuranya pas tb
EIGER X-CORDYLINE WALLET 1.0,kualitas produk baik material bagus warna pekat seperti ckp anti air tipis bs jd gantung kunci meski agak mungil klo jd dompet bs nyimpan bbrp uang kertas
EIGER X-CHEYENNE SHIRT KEMEJA,barang sesuai kirim lumayan cepat
EIGER TANJUNG PUTING NP SS TEES,gokil bahan premium harga mutah jg otomatis saya check out dong kapan lagi coba klo beli harga gin
EIGER IMMIGRATE 25 BACKPACK,tas nya bagus keren
EIGER GAUCHO CAP TOPI RIDING,topi bagua keren nyaman pakai kurir cepat hari sampe tks
EIGER MACACA 12 1.1 BACKPACK,ada ulas
EIGER WAIKAPU SANDALS,nyaman pakai
EIGER RANK BATTALION CAPS,good topi dua dgn model yg sama yg pertama ilang entah kmn
EIGER TOUR WATER BOTTLE,ada ulas
EIGER SHORESIDE 2.0 15L BACKPACK,mantaap pesan sampai selamat pasti top markotop donks
EIGER IMMIGRATE 25 BACKPACK,mantaap pesan sampai selamat pasti top markotop donks
EIGER LANEWAY SLING V 5L,mantaap pesan sampai selamat pasti top markotop donks
EIGER PORTLAND POUCH,dah lah paling bener emang beli online dapet harga pas murcee bangeett pokok selalu puas belanja eiger adventure official jangan beli yg officialnya ya
EIGER CLIFTON SHOES,keren sepatu kokoh
EIGER HAAST SUNGLASSES,sesuai pesan terima kasih
EIGER CALDERA PINCH 2.0 SANDALS,sesuai pesan terima kasih
EIGER KALAMANTARA BLK BORNEO F1 SHIRT,sesuai pesan packing aman bahan sdh tdk ragu lagi kualitas apalagi sdh repeat order dsini
EIGER CALDERA MEN 2.0 ROLL STRAP SANDALS,bagus kirim cepat
EIGER WAIKAPU SANDALS,tali sisi
EIGER VESSEL 1F WAIST BAG,oke sesuau pesan
EIGER BALMY MID SOCKS KAOS KAKI,bayar kirim sameday sampai tuju hari chat pagi balas sore tolong baik manajemen barang bagus kalo jual profesional bikin langgan jadi
EIGER CONCEAL 2.0 SLING BAG,model keren bahan bagus kwalitas eiger perlu ditanyain lagi
EIGER WOMENS BACKWOODS WARMER JACKET,bagus sesuai
EIGER ROLLICK. SUNGLASSES,recomend lupa fhoto all sip next beli lagi
EIGER BHARDEV ROLLSTRAP SOL OLIVE SANDAL,ada ulas
EIGER ALTINGIA EXCELSA SHORT WALLET,produk ya all good saya cium bau rokok sedikit ganggu
EIGER FORLOUGH 18 BACKPACK,model bagus muas seperti perawan
EIGER CITYROUTE 10L BACKPACK,kecil dalam lumayan gede muat masuk jas ujan dewasa mantap lahh
EIGER MS FINDERS PRO INSULATE JACKET,ada ulas
EIGER WANDERFURTHER BACKPACK 23L,kualitas barang baik sesuai foto deskripsi
EIGER BLANCA-MDW WATCH,alhamdulillah jam sesuai pesan kirim cepat seller ramah packing jg rapih terima kasih banyak
EIGER HELICON WATCH,mantapp jiwaa
EIGER ASKERI CAP,sesuai model ukur sdh beli kali
EIGER X- TRAV CARD WALLET RFID,kirim cepat packing rapih
EIGER R.LT 14 MERIDIAN 30 LAPTOP BACKPACK,alhamdulillah lumayan dapat harga ratus ribu terima kasih
EIGER MUKOLI SOCK SHORT CUT,keren bangett paraahh
EIGER X-NAMBILLO 1.0 CAP,recomended seller
EIGER FASTENING BELT,sesuai pesan kirim cepat barang bagus good job thx
EIGER CLASSHALL PACK 20L BACKPACK,buah sabar dapet harga rb sudah sama ongkir same day barang bagus buat adik kuliah durasi kirim lama karena sabtu minggu ada kirim
EIGER CRUX 16 BASIC DAYPACK,ada ulas
EIGER DAILY RIDING GLOVES FULL 1.0,barang sudah sampai kualitas bagus fit sama tangan grip lumayan
EIGER PROVO WATCH,model keren bahan bagus moga awet
EIGER FORERUNNER 2.0 SHOULDER BAG,model keren kualitas eiger ngga usah ragu lagi top quality punya cuma ukur lebih besar ekspektasi saya lebih oke
EIGER GALLEGOS VEST,sudah sampai sesuai pesan terima kasih
EIGER BLANCA-MDW WATCH,keren jam nya
EIGER ARETHA 1.0 WOMAN TRAVEL POUCH,bagus sesuai pesan
EIGER X- TRAV CARD WALLET RFID,model keren bahan bagus poko mantap
EIGER HURRICANE SHORT SOCKS,bagus tebel gak sabar ken dioba gunung
EIGER JOURNAL SACOCHE BAG,mantaap selalu
EIGER NORTHWALL 2.0 CAP TOPI,eiger selalu mantap sesuai pesan terimakasih
EIGER LANZAROTE SANDALS,emas kirim cepat dapat harga murce sandal awet bgt masuk suami pake udah tahun masih oke udah nyaman makanya baru beli lagi
EIGER WAIST BAG MEDIUM 3A,warna sesuai bahan material original moga awet terimakasih sdah amanah moga sukses teruss
EIGER CIVILIAN HAT,warna sesuai pesan kirim lamban antar k alamt harus ambil barang km dr rumah
EIGER TOURER WANDER 1.1 22L 1A LAPTOP BACKPACK,ada ulas
EIGER LANEWAY SLING V 5L,mantap lumayan cepat sampai kualitas eiger usah tanya mantep punya
EIGER KINKAJOU ROLL STRAP 2.0 SANDALS,pas d ukur kaki besar terima kasih eiger
EIGER WAIST BAG MEDIUM 3A,barang sesuai pesan barang sampai dg baik packing rapi aman
EIGER CORREDOR CAP,bahan bagus ringan pas saat pakai
EIGER IGUAZU CUP LIFESTYLE,material stainless bagus kualitas eiger
EIGER TP.HZL COMP DESCENT TRAVEL POUCH,good quality
EIGER JOURNAL SACOCHE BAG,mantap bagus istri suka lumayan buat dompet hp
EIGER SENDER 3.1 WAIST BAG,top keren
EIGER GEOMETRICA SHORT WALLET,respon kirim cepat order tgl sore tanggal siang udh sampe mantapp barang original
EIGER SQUADRON 1.0 RAIN SUIT,bahan bagus ringan tinggal nunggu hujan buat coba
EIGER LINVILLE WATCH,pakai jam tangan eiger bikin kita makin keren tambah percaya diri karena kualitas eiger baik
EIGER LINVILLE WATCH,pakai jam tangan eiger bikin kita makin keren tambah percaya diri karena kualitas eiger baik
EIGER CUSCO PINCH SANDALS - Grey,terima kasih sellernya yg responsif produk sesuai pesan sudah pasti kualitas eiger tak d ragu lagi layan yg baik kurir rekomendasi lion parcel
EIGER BASE SHOULDER BAG,terima kasih sellernya yg responsif produk sesuai pesan sudah pasti kualitas eiger tak d ragu lagi layan yg baik kurir rekomendasi lion parcel
EIGER HOARY SOCKS,terima kasih sellernya yg responsif produk sesuai pesan sudah pasti kualitas eiger tak d ragu lagi layan yg baik kurir rekomendasi lion parcel
EIGER CHRYSLER 2.0 CROSS SLING BAG,terima kasih sellernya yg responsif produk sesuai pesan sudah pasti kualitas eiger tak d ragu lagi layan yg baik kurir rekomendasi lion parcel
EIGER R.LT 14 MERIDIAN 30 LAPTOP BACKPACK,tas laptop paling garang neh hehe udah kayak tas gunung buat apa bisa hny kuat smg lama
EIGER ARROW SHOELACES,barang sesuai pesan kirim cepat
EIGER R.LT 14 MERIDIAN 30 LAPTOP BACKPACK,sayang ada mantel nya
EIGER WAIST BAG MEDIUM 3A,oke barang sudah tiba tepat waktu barang sesuai harga
EIGER PIRANHA 1.0 SHOES,sesuai pesan barang ok ada cacat kirim cepat
EIGER AXESS 20L BACKPACK,bahan bagus ya ukur pas ana jenjang smp
EIGER MARMOSET 10 1.0 BACKPACK,tas nya udah sampai bagus tas lucu imut buat ngasih kk bina pramuka seko anak
EIGER BHARDEV PINCH SOLE OLIVE SANDALS,sesuai harap barang bagus sayng kirim dri toko dia agak lama beda sama toko belah oren cepet
EIGER MOUNT TRACK LANDSCAPE 1.0 WALLET,bagus kokoh cocok utk kado worthit utk harga ny
EIGER HAVASU WATER BOTTLE,pesan udah lama sampai sudah pakai mantap tahan panas lama dingin
EIGER KINKAJOU PINCH 3.0 SANDALS,sesuai pesan moga awet
EIGER TIGRE SANDALS 1.0,pesan sudah sampai tanpa ada rusa moga awet karena ringan takut cepat rusak
EIGER PIRANHA 1.0 SHOES,pesan sudah sampai tanpa ada cacat barang kirim moga awet seperti biasa tiap selesai beli barang makin murah gratis gak ada
EIGER MIST FOREST 1.1 WALLET,dompet nya bagus mantab cukup buat simpan uang milyar joss gandos kirim cepat
EIGER TP.HZL COMP DESCENT TRAVEL POUCH,model keren bahan kualitas eiger mantab respon jual cpt ramah sukses selalu usaha
EIGER REXON RAINSUIT 2.0,barang mantap sesuai deskripsi ukur pas bahan bagus cepet sampai
EIGER BARRIER GLOVES,barang ori eiger nyaman pakai kirim alhamdulillah cepat pokok mantap sukses selalu buat seller
EIGER CALDERA MEN 2.0 ROLL STRAP SANDALS,barang model bagus kirim cepat
